frame_index,media_ms,track_id,class_id,state,x_min,y_min,x_max,y_max,confidence
14,1166.667,1,33,tentative,523.173,408.950,561.493,432.000,0.3096
15,1250.000,2,0,tentative,517.868,397.801,570.177,432.000,0.4816
16,1333.333,2,0,tentative,513.710,389.973,571.524,430.965,0.7752
17,1416.667,2,0,confirmed,513.414,381.895,573.872,429.447,0.8100
18,1500.000,2,0,confirmed,514.231,376.395,574.880,428.886,0.7910
19,1583.333,2,0,confirmed,516.149,369.584,576.657,427.559,0.8171
20,1666.667,2,0,confirmed,518.028,361.763,578.585,426.345,0.8338
21,1750.000,2,0,confirmed,519.726,354.037,580.135,425.526,0.8291
22,1833.333,2,0,confirmed,519.941,345.727,581.189,425.128,0.8778
23,1916.667,2,0,confirmed,520.199,338.205,582.217,425.300,0.8904
24,2000.000,2,0,confirmed,519.144,330.300,582.666,425.578,0.8825
25,2083.333,2,0,confirmed,518.052,323.382,582.685,425.969,0.8924
26,2166.667,2,0,confirmed,519.137,316.435,583.394,425.943,0.8939
27,2250.000,2,0,confirmed,522.544,303.399,584.153,411.758,0.8792
28,2333.333,2,0,confirmed,526.892,292.977,585.235,398.850,0.8572
29,2416.667,2,0,confirmed,530.405,287.551,586.072,392.876,0.8612
30,2500.000,2,0,confirmed,532.331,283.363,586.359,389.385,0.8588
31,2583.333,2,0,confirmed,533.605,278.303,587.137,385.852,0.8381
32,2666.667,2,0,confirmed,536.215,271.739,589.302,379.075,0.8421
33,2750.000,2,0,confirmed,539.695,262.747,591.814,366.409,0.8387
34,2833.333,2,0,confirmed,543.213,257.123,594.350,359.794,0.8193
35,2916.667,2,0,confirmed,544.011,253.735,595.480,356.612,0.8588
36,3000.000,2,0,confirmed,544.029,250.455,596.204,354.371,0.8694
37,3083.333,2,0,confirmed,544.336,245.226,597.395,350.328,0.8766
38,3166.667,2,0,confirmed,547.976,239.008,600.113,343.767,0.8659
39,3250.000,2,0,confirmed,553.036,232.016,603.771,334.041,0.8691
40,3333.333,2,0,confirmed,556.290,226.713,606.269,325.534,0.8450
41,3416.667,2,0,confirmed,558.036,223.923,608.602,322.156,0.8474
42,3500.000,2,0,confirmed,559.015,221.095,611.163,319.496,0.8604
43,3583.333,2,0,confirmed,561.868,217.344,614.944,315.563,0.8470
44,3666.667,2,0,confirmed,566.024,212.007,619.371,307.325,0.8505
45,3750.000,2,0,confirmed,573.819,207.238,625.596,300.661,0.8077
46,3833.333,2,0,confirmed,580.921,204.170,631.201,297.548,0.8594
47,3916.667,2,0,confirmed,584.999,201.836,635.372,295.748,0.8515
48,4000.000,2,0,confirmed,587.661,199.442,639.304,294.780,0.8849
49,4083.333,2,0,confirmed,591.019,196.307,643.019,293.090,0.8783
50,4166.667,2,0,confirmed,596.639,191.625,646.762,287.922,0.8521
51,4250.000,2,0,confirmed,603.150,185.894,651.342,281.258,0.8224
52,4333.333,2,0,confirmed,607.116,180.756,655.187,274.086,0.8397
53,4416.667,2,0,confirmed,608.018,178.247,657.270,270.855,0.8615
54,4500.000,2,0,confirmed,609.271,176.916,660.250,269.672,0.8655
55,4583.333,2,0,confirmed,612.077,174.773,665.130,267.836,0.8203
56,4666.667,2,0,confirmed,618.741,170.289,671.574,260.908,0.8170
57,4750.000,2,0,confirmed,627.361,166.465,678.035,256.483,0.7973
58,4833.333,2,0,confirmed,635.721,164.131,684.856,254.281,0.8456
59,4916.667,2,0,confirmed,640.286,162.500,689.567,253.441,0.8536
60,5000.000,2,0,confirmed,642.752,161.216,693.320,252.967,0.8673
61,5083.333,2,0,confirmed,647.019,159.006,697.464,252.193,0.8571
62,5166.667,2,0,confirmed,654.045,155.217,701.496,247.355,0.8660
63,5250.000,2,0,confirmed,660.259,150.954,705.832,242.011,0.8307
64,5333.333,2,0,confirmed,663.759,147.215,709.017,236.503,0.8287
65,5416.667,2,0,confirmed,665.250,144.936,711.520,233.642,0.8134
66,5500.000,2,0,confirmed,666.488,143.527,714.348,232.029,0.8174
67,5583.333,2,0,confirmed,670.788,141.505,720.998,229.498,0.7734
68,5666.667,2,0,confirmed,676.011,138.444,726.349,225.040,0.7925
69,5750.000,2,0,confirmed,684.486,135.876,733.365,221.817,0.7914
70,5833.333,2,0,confirmed,691.023,134.050,738.371,220.255,0.8484
71,5916.667,2,0,confirmed,695.175,133.349,743.306,220.135,0.8139
72,6000.000,2,0,confirmed,698.428,131.980,748.787,219.644,0.6913
73,6083.333,2,0,confirmed,701.968,130.649,752.152,218.581,0.6431
74,6166.667,2,0,confirmed,709.126,116.498,762.239,210.076,0.8165
75,6250.000,2,0,confirmed,710.866,109.428,766.228,205.969,0.8236
76,6333.333,2,0,confirmed,710.422,105.784,766.255,202.797,0.6202
76,6333.333,3,0,tentative,707.899,127.063,757.929,202.739,0.7074
77,6416.667,2,0,confirmed,711.028,103.512,768.027,201.673,0.8068
78,6500.000,2,0,confirmed,710.853,102.684,768.728,201.037,0.8416
79,6583.333,2,0,confirmed,715.049,101.770,770.849,198.963,0.6972
80,6666.667,2,0,confirmed,714.670,101.100,770.283,196.671,0.4562
80,6666.667,4,0,tentative,729.544,104.518,767.815,194.870,0.7140
81,6750.000,2,0,confirmed,717.789,98.074,773.597,193.979,0.4562
81,6750.000,4,0,tentative,736.406,105.031,768.642,190.758,0.6302
82,6833.333,2,0,confirmed,720.909,95.049,776.910,191.286,0.4562
82,6833.333,4,0,confirmed,741.042,109.882,768.642,189.580,0.5829
83,6916.667,2,0,confirmed,724.029,92.025,780.223,188.592,0.4562
83,6916.667,4,0,confirmed,742.402,112.094,768.139,189.751,0.5852
84,7000.000,2,0,confirmed,727.149,89.001,783.535,185.898,0.4562
84,7000.000,4,0,confirmed,743.404,112.261,767.940,189.107,0.3960
85,7083.333,2,0,confirmed,730.270,85.977,786.847,183.203,0.4562
85,7083.333,4,0,confirmed,745.644,116.503,767.897,186.195,0.3960
86,7166.667,2,0,confirmed,733.391,82.954,790.159,180.508,0.4562
86,7166.667,4,0,confirmed,748.016,121.156,767.721,182.871,0.3960
87,7250.000,2,0,confirmed,736.513,79.932,793.470,177.813,0.4562
87,7250.000,4,0,confirmed,750.579,126.409,767.355,178.948,0.3960
88,7333.333,2,0,confirmed,739.634,76.910,796.781,175.116,0.4562
88,7333.333,4,0,confirmed,753.460,132.654,766.671,174.032,0.3960
89,7416.667,2,0,confirmed,742.756,73.889,800.092,172.419,0.4562
89,7416.667,4,0,confirmed,757.051,141.126,765.277,166.890,0.3960
90,7500.000,2,0,confirmed,745.878,70.868,803.403,169.722,0.4562
90,7500.000,4,0,confirmed,761.979,153.788,762.545,155.557,0.3960
91,7583.333,2,0,confirmed,749.001,67.848,806.713,167.024,0.4562
91,7583.333,4,0,confirmed,763.078,154.452,763.643,156.222,0.3960
92,7666.667,2,0,confirmed,752.124,64.828,810.023,164.326,0.4562
92,7666.667,4,0,confirmed,764.176,155.117,764.741,156.887,0.3960
93,7750.000,4,0,confirmed,765.274,155.782,765.840,157.552,0.3960
94,7833.333,4,0,confirmed,766.373,156.447,766.938,158.216,0.3960
95,7916.667,4,0,confirmed,767.471,157.111,768.036,158.881,0.3960
96,8000.000,4,0,confirmed,768.569,157.776,769.135,159.546,0.3960
171,14250.000,5,0,tentative,101.940,377.472,258.533,430.805,0.2531
172,14333.333,5,0,tentative,77.751,364.235,264.885,428.525,0.5616
173,14416.667,5,0,confirmed,79.402,354.743,274.498,427.108,0.5366
174,14500.000,5,0,confirmed,80.775,345.003,281.175,425.977,0.4132
175,14583.333,5,0,confirmed,80.337,334.568,285.643,424.772,0.3517
176,14666.667,5,0,confirmed,76.811,326.008,295.071,421.903,0.3517
177,14750.000,5,0,confirmed,73.649,317.608,304.135,418.875,0.3517
178,14833.333,5,0,confirmed,70.795,309.343,312.891,415.711,0.3517
179,14916.667,5,0,confirmed,68.208,301.195,321.380,412.430,0.3517
180,15000.000,5,0,confirmed,65.852,293.149,329.638,409.047,0.3517
180,15000.000,6,2,tentative,86.879,276.789,284.383,428.684,0.2760
181,15083.333,5,0,confirmed,63.702,285.194,337.690,405.574,0.3517
181,15083.333,6,2,tentative,87.144,267.560,286.892,427.000,0.3225
182,15166.667,5,0,confirmed,61.735,277.319,345.559,402.021,0.3517
183,15250.000,5,0,confirmed,59.933,269.516,353.263,398.395,0.3517
183,15250.000,7,2,tentative,92.096,248.171,283.796,428.210,0.2975
184,15333.333,5,0,confirmed,58.280,261.779,360.818,394.703,0.3517
184,15333.333,7,2,tentative,92.955,240.414,284.914,426.982,0.3829
185,15416.667,5,0,confirmed,56.764,254.102,368.237,390.952,0.3517
186,15500.000,5,0,confirmed,55.371,246.479,375.531,387.145,0.3517
187,15583.333,5,0,confirmed,54.094,238.907,382.710,383.289,0.3517
189,15750.000,8,67,tentative,116.353,199.389,270.597,424.164,0.2507
190,15833.333,8,67,tentative,119.122,191.427,268.351,412.739,0.7742
191,15916.667,8,67,confirmed,122.043,183.949,265.922,400.584,0.7713
192,16000.000,8,67,confirmed,124.677,177.782,262.755,388.464,0.8247
193,16083.333,8,67,confirmed,125.849,170.910,260.708,378.424,0.8793
194,16166.667,8,67,confirmed,126.089,164.100,258.938,368.188,0.8188
195,16250.000,8,67,confirmed,124.785,157.918,257.119,359.274,0.7824
196,16333.333,8,67,confirmed,121.845,151.597,255.101,349.991,0.5904
197,16416.667,8,67,confirmed,118.096,145.491,253.366,341.923,0.6439
198,16500.000,8,67,confirmed,113.356,140.046,251.115,333.931,0.6869
199,16583.333,8,67,confirmed,107.876,135.506,248.193,326.891,0.4109
199,16583.333,9,2,tentative,102.494,137.996,251.611,324.808,0.3384
200,16666.667,8,67,confirmed,102.228,130.936,245.640,319.766,0.2926
200,16666.667,9,2,tentative,96.624,132.707,248.584,319.377,0.4247
201,16750.000,8,67,confirmed,95.974,126.710,242.211,312.619,0.4514
201,16750.000,9,2,confirmed,91.101,128.299,244.556,312.548,0.3976
202,16833.333,8,67,confirmed,94.060,120.191,239.102,304.581,0.4514
202,16833.333,9,2,confirmed,84.689,123.741,240.457,306.168,0.5288
203,16916.667,8,67,confirmed,92.152,113.679,235.989,296.536,0.4514
203,16916.667,9,2,confirmed,77.790,119.707,236.506,299.275,0.3964
204,17000.000,8,67,confirmed,90.249,107.174,232.870,288.486,0.4514
204,17000.000,9,2,confirmed,70.456,116.535,231.589,293.123,0.4945
205,17083.333,8,67,confirmed,88.351,100.674,229.747,280.428,0.4514
205,17083.333,9,2,confirmed,62.525,113.798,226.739,286.902,0.7849
206,17166.667,8,67,confirmed,86.458,94.182,226.617,272.364,0.4514
206,17166.667,9,2,confirmed,54.614,111.831,221.688,281.149,0.8455
207,17250.000,8,67,confirmed,84.571,87.697,223.483,264.293,0.4514
207,17250.000,9,2,confirmed,46.098,109.732,216.752,276.170,0.7193
208,17333.333,8,67,confirmed,82.690,81.219,220.343,256.214,0.4514
208,17333.333,9,2,confirmed,37.739,108.102,211.149,271.291,0.4632
209,17416.667,8,67,confirmed,80.814,74.748,217.196,248.128,0.4514
209,17416.667,9,2,confirmed,29.026,106.940,205.285,267.126,0.5422
210,17500.000,8,67,confirmed,78.945,68.285,214.044,240.035,0.4514
210,17500.000,9,2,confirmed,20.157,106.013,199.003,262.586,0.6540
211,17583.333,8,67,confirmed,77.081,61.830,210.886,231.934,0.4514
211,17583.333,9,2,confirmed,10.461,104.821,192.419,258.294,0.6237
212,17666.667,8,67,confirmed,75.224,55.383,207.722,223.825,0.4514
212,17666.667,9,2,confirmed,2.868,104.004,186.445,254.231,0.6800
213,17750.000,8,67,confirmed,73.373,48.944,204.551,215.707,0.4514
213,17750.000,9,2,confirmed,-1.105,103.145,181.538,249.990,0.7109
214,17833.333,9,2,confirmed,-3.477,102.471,176.241,246.340,0.8686
215,17916.667,9,2,confirmed,-5.079,102.313,170.193,243.460,0.8418
216,18000.000,9,2,confirmed,-6.126,101.870,163.645,240.405,0.7755
217,18083.333,9,2,confirmed,-6.676,101.087,156.902,237.036,0.8689
218,18166.667,9,2,confirmed,-7.190,100.642,149.377,234.365,0.8604
218,18166.667,10,33,tentative,530.256,413.145,558.205,432.000,0.3483
219,18250.000,9,2,confirmed,-7.286,100.565,142.061,231.944,0.9053
219,18250.000,10,33,tentative,530.267,413.127,558.207,431.996,0.3307
220,18333.333,9,2,confirmed,-7.498,100.872,134.184,230.157,0.9036
220,18333.333,10,33,confirmed,530.235,413.121,558.258,432.010,0.3224
221,18416.667,9,2,confirmed,-7.584,101.228,126.175,228.263,0.9190
221,18416.667,10,33,confirmed,530.169,412.970,558.167,431.956,0.3215
222,18500.000,9,2,confirmed,-7.397,101.801,118.514,226.206,0.9063
222,18500.000,10,33,confirmed,530.232,413.082,558.315,432.025,0.2681
223,18583.333,9,2,confirmed,-7.314,102.756,110.571,224.973,0.9039
223,18583.333,10,33,confirmed,530.230,413.070,558.347,432.036,0.2681
224,18666.667,9,2,confirmed,-7.118,104.005,102.643,223.787,0.8736
224,18666.667,10,33,confirmed,530.227,413.058,558.379,432.047,0.2681
225,18750.000,9,2,confirmed,-6.934,105.813,94.599,223.058,0.9149
225,18750.000,10,33,confirmed,530.225,413.045,558.412,432.058,0.2681
226,18833.333,9,2,confirmed,-6.926,107.694,86.010,222.060,0.9260
226,18833.333,10,33,confirmed,530.223,413.033,558.444,432.069,0.2681
227,18916.667,9,2,confirmed,-6.752,109.194,77.634,220.424,0.9164
227,18916.667,10,33,confirmed,530.221,413.021,558.476,432.081,0.2681
228,19000.000,9,2,confirmed,-6.596,111.277,69.241,219.364,0.8685
228,19000.000,10,33,confirmed,530.219,413.009,558.509,432.092,0.2681
229,19083.333,9,2,confirmed,-6.482,113.057,60.844,218.118,0.6886
229,19083.333,10,33,confirmed,530.217,412.997,558.541,432.103,0.2681
230,19166.667,9,2,confirmed,-6.135,115.378,52.856,216.295,0.3509
230,19166.667,10,33,confirmed,530.215,412.985,558.573,432.114,0.2681
231,19250.000,9,2,confirmed,-8.539,117.935,46.420,211.955,0.3509
231,19250.000,10,33,confirmed,530.213,412.973,558.605,432.125,0.2681
232,19333.333,9,2,confirmed,-10.783,120.766,39.824,207.340,0.3509
232,19333.333,10,33,confirmed,530.212,412.961,558.638,432.136,0.2681
233,19416.667,9,2,confirmed,-12.821,123.949,33.022,202.374,0.3509
233,19416.667,10,33,confirmed,530.210,412.949,558.670,432.147,0.2681
234,19500.000,9,2,confirmed,-14.582,127.607,25.942,196.932,0.3509
234,19500.000,10,33,confirmed,530.208,412.937,558.702,432.158,0.2681
235,19583.333,9,2,confirmed,-15.935,131.961,18.456,190.794,0.3509
236,19666.667,9,2,confirmed,-16.607,137.482,10.287,183.490,0.3509
237,19750.000,9,2,confirmed,-15.701,145.700,0.542,173.488,0.3509
238,19833.333,9,2,confirmed,-12.382,158.048,-11.617,159.356,0.3509
239,19916.667,9,2,confirmed,-16.802,157.157,-16.038,158.465,0.3509
240,20000.000,9,2,confirmed,-21.222,156.265,-20.458,157.573,0.3509
241,20083.333,9,2,confirmed,-25.642,155.373,-24.878,156.681,0.3509
242,20166.667,9,2,confirmed,-30.062,154.481,-29.298,155.789,0.3509
309,25750.000,11,0,tentative,514.024,0.000,550.681,45.440,0.5325
312,26000.000,12,1,tentative,519.535,0.737,560.304,55.014,0.4477
313,26083.333,12,1,tentative,522.279,1.063,564.319,57.554,0.4066
314,26166.667,12,1,confirmed,523.811,0.967,567.695,59.750,0.2997
315,26250.000,12,1,confirmed,525.654,1.040,571.104,61.921,0.2997
316,26333.333,12,1,confirmed,527.524,1.147,574.488,64.057,0.2997
317,26416.667,12,1,confirmed,529.417,1.287,577.848,66.161,0.2997
318,26500.000,12,1,confirmed,531.332,1.455,581.187,68.236,0.2997
318,26500.000,13,3,tentative,536.932,0.550,594.006,73.867,0.3263
319,26583.333,12,1,confirmed,533.266,1.649,584.505,70.285,0.2997
320,26666.667,12,1,confirmed,543.169,15.060,595.643,79.870,0.3327
320,26666.667,14,0,tentative,565.738,1.349,593.860,43.647,0.2818
321,26750.000,12,1,confirmed,545.686,7.319,602.934,80.537,0.3105
322,26833.333,12,1,confirmed,548.996,5.231,608.079,82.567,0.3710
322,26833.333,15,1,tentative,549.736,26.965,608.278,83.138,0.3808
323,26916.667,12,1,confirmed,552.192,5.750,612.834,85.126,0.3710
323,26916.667,15,1,tentative,555.171,28.504,615.295,85.562,0.5392
323,26916.667,16,0,tentative,564.352,1.969,610.611,62.710,0.2595
324,27000.000,12,1,confirmed,555.409,6.295,617.570,87.659,0.3710
324,27000.000,15,1,confirmed,560.636,28.889,622.004,87.693,0.4979
324,27000.000,16,0,tentative,585.938,9.457,618.680,64.603,0.3204
324,27000.000,17,0,tentative,588.943,4.576,615.219,50.391,0.5155
325,27083.333,12,1,confirmed,558.643,6.863,622.287,90.168,0.3710
325,27083.333,15,1,confirmed,565.740,29.821,628.712,89.214,0.5479
325,27083.333,17,0,tentative,594.893,6.162,621.137,51.259,0.4343
325,27083.333,18,0,tentative,589.102,6.557,622.671,68.710,0.2885
326,27166.667,12,1,confirmed,561.894,7.453,626.988,92.655,0.3710
326,27166.667,15,1,confirmed,570.199,32.513,634.518,91.199,0.4750
326,27166.667,17,0,confirmed,596.878,7.709,628.222,62.428,0.5349
326,27166.667,19,3,tentative,568.974,34.681,634.086,87.850,0.2944
327,27250.000,12,1,confirmed,565.161,8.064,631.672,95.121,0.3710
327,27250.000,15,1,confirmed,575.328,34.878,641.359,93.457,0.6756
327,27250.000,17,0,confirmed,604.408,9.181,636.631,67.801,0.5376
328,27333.333,12,1,confirmed,568.443,8.694,636.342,97.569,0.3710
328,27333.333,15,1,confirmed,581.285,37.840,649.847,96.001,0.4095
328,27333.333,17,0,confirmed,611.834,9.147,643.660,67.347,0.6370
328,27333.333,20,3,tentative,579.999,40.083,652.299,94.603,0.2907
329,27416.667,12,1,confirmed,571.739,9.343,640.998,99.998,0.3710
329,27416.667,15,1,confirmed,586.443,39.673,657.168,97.669,0.7468
329,27416.667,17,0,confirmed,618.227,11.334,648.925,69.989,0.6300
330,27500.000,12,1,confirmed,575.048,10.008,645.641,102.409,0.3710
330,27500.000,15,1,confirmed,592.317,42.504,665.356,100.263,0.7327
330,27500.000,17,0,confirmed,624.518,12.917,654.759,70.119,0.5500
331,27583.333,12,1,confirmed,578.369,10.690,650.271,104.805,0.3710
331,27583.333,15,1,confirmed,598.264,42.839,673.387,100.905,0.7447
331,27583.333,17,0,confirmed,631.109,15.214,660.160,72.364,0.7004
332,27666.667,12,1,confirmed,581.702,11.387,654.890,107.185,0.3710
332,27666.667,15,1,confirmed,605.351,45.999,681.321,102.582,0.8051
332,27666.667,17,0,confirmed,637.121,16.016,666.695,73.088,0.6517
333,27750.000,12,1,confirmed,585.046,12.099,659.498,109.551,0.3710
333,27750.000,15,1,confirmed,611.722,47.954,689.125,103.625,0.8159
333,27750.000,17,0,confirmed,644.451,17.797,673.619,75.951,0.6018
334,27833.333,12,1,confirmed,588.400,12.825,664.095,111.903,0.3710
334,27833.333,15,1,confirmed,618.561,50.502,696.465,104.085,0.8751
334,27833.333,17,0,confirmed,650.840,19.663,680.267,79.514,0.6443
335,27916.667,15,1,confirmed,625.621,52.947,703.559,104.780,0.8833
335,27916.667,17,0,confirmed,656.422,20.867,687.905,82.316,0.5765
336,28000.000,15,1,confirmed,632.693,54.142,710.902,105.627,0.7155
336,28000.000,17,0,confirmed,664.027,21.684,694.948,80.618,0.5624
337,28083.333,15,1,confirmed,640.247,54.632,719.008,105.777,0.7834
337,28083.333,17,0,confirmed,665.062,24.112,700.642,85.862,0.6202
338,28166.667,15,1,confirmed,647.498,55.899,726.290,106.649,0.7038
338,28166.667,17,0,confirmed,672.172,24.348,708.147,85.495,0.3300
339,28250.000,15,1,confirmed,654.607,56.718,733.286,107.364,0.7492
339,28250.000,17,0,confirmed,681.869,25.662,716.621,84.756,0.3943
340,28333.333,15,1,confirmed,661.383,58.581,739.745,108.152,0.8593
340,28333.333,17,0,confirmed,686.829,27.105,722.458,86.809,0.5580
341,28416.667,15,1,confirmed,668.810,59.067,746.911,108.185,0.6930
341,28416.667,17,0,confirmed,694.637,27.296,729.910,86.502,0.5790
342,28500.000,15,1,confirmed,674.977,59.635,752.927,108.305,0.7704
342,28500.000,17,0,confirmed,702.667,28.474,737.060,87.242,0.7042
343,28583.333,15,1,confirmed,682.038,60.012,759.614,108.625,0.8619
343,28583.333,17,0,confirmed,708.525,29.001,742.886,88.431,0.7215
344,28666.667,15,1,confirmed,689.463,60.267,766.605,108.717,0.7595
344,28666.667,17,0,confirmed,716.503,28.405,750.230,86.814,0.6494
345,28750.000,15,1,confirmed,695.476,60.650,770.577,108.899,0.8186
345,28750.000,17,0,confirmed,724.619,32.320,757.081,90.138,0.6117
346,28833.333,15,1,confirmed,701.043,62.088,772.907,109.203,0.7903
346,28833.333,17,0,confirmed,730.694,34.529,761.819,91.114,0.4476
347,28916.667,15,1,confirmed,707.056,64.432,774.390,109.473,0.7358
347,28916.667,17,0,confirmed,737.879,32.700,768.104,84.980,0.4616
348,29000.000,15,1,confirmed,713.592,64.706,775.389,108.700,0.6247
348,29000.000,17,0,confirmed,744.106,32.975,771.773,84.729,0.3491
349,29083.333,15,1,confirmed,719.487,67.578,775.658,109.395,0.2879
349,29083.333,17,0,confirmed,750.626,33.822,778.264,85.522,0.3491
350,29166.667,15,1,confirmed,725.517,68.784,781.065,110.136,0.2879
350,29166.667,17,0,confirmed,757.146,34.669,784.756,86.315,0.3491
351,29250.000,15,1,confirmed,731.550,69.992,786.468,110.874,0.2879
351,29250.000,17,0,confirmed,763.667,35.516,791.247,87.108,0.3491
352,29333.333,15,1,confirmed,737.587,71.202,791.867,111.610,0.2879
352,29333.333,17,0,confirmed,770.187,36.363,797.738,87.901,0.3491
353,29416.667,15,1,confirmed,743.628,72.416,797.262,112.343,0.2879
353,29416.667,17,0,confirmed,776.707,37.210,804.230,88.694,0.3491
354,29500.000,15,1,confirmed,749.673,73.632,802.654,113.073,0.2879
354,29500.000,17,0,confirmed,783.227,38.057,810.721,89.487,0.3491
355,29583.333,15,1,confirmed,755.722,74.852,808.041,113.800,0.2879
355,29583.333,17,0,confirmed,789.747,38.904,817.212,90.280,0.3491
356,29666.667,15,1,confirmed,761.776,76.075,813.424,114.524,0.2879
356,29666.667,17,0,confirmed,796.268,39.751,823.704,91.073,0.3491
357,29750.000,15,1,confirmed,767.833,77.301,818.803,115.245,0.2879
357,29750.000,17,0,confirmed,802.788,40.598,830.195,91.866,0.3491
358,29833.333,15,1,confirmed,773.896,78.530,824.177,115.962,0.2879
358,29833.333,17,0,confirmed,809.308,41.445,836.686,92.659,0.3491
359,29916.667,15,1,confirmed,779.963,79.763,829.547,116.675,0.2879
359,29916.667,17,0,confirmed,815.829,42.293,843.178,93.452,0.3491
360,30000.000,15,1,confirmed,786.035,80.999,834.911,117.385,0.2879
360,30000.000,17,0,confirmed,822.349,43.140,849.669,94.244,0.3491
361,30083.333,15,1,confirmed,792.112,82.240,840.270,118.091,0.2879
484,40333.333,21,0,tentative,0.000,59.594,17.262,117.299,0.4271
485,40416.667,21,0,tentative,0.149,51.409,20.566,118.312,0.2967
486,40500.000,21,0,confirmed,1.294,40.245,28.925,120.900,0.6770
487,40583.333,21,0,confirmed,3.560,35.921,40.838,122.144,0.8027
488,40666.667,21,0,confirmed,5.745,36.462,48.825,122.146,0.8473
489,40750.000,21,0,confirmed,9.876,37.091,55.010,121.674,0.8178
490,40833.333,21,0,confirmed,13.596,36.756,56.677,119.234,0.7756
491,40916.667,21,0,confirmed,17.803,36.275,57.553,116.430,0.7909
492,41000.000,21,0,confirmed,22.996,36.873,60.042,116.408,0.8125
493,41083.333,21,0,confirmed,30.136,36.742,66.518,115.310,0.8345
494,41166.667,21,0,confirmed,36.934,36.330,75.680,114.567,0.8193
495,41250.000,21,0,confirmed,42.072,36.729,82.836,114.934,0.8377
496,41333.333,21,0,confirmed,46.259,37.134,87.272,114.643,0.8560
497,41416.667,21,0,confirmed,51.131,37.217,90.725,114.474,0.7164
498,41500.000,21,0,confirmed,54.708,36.661,91.471,113.375,0.7727
499,41583.333,21,0,confirmed,59.715,35.763,95.193,112.543,0.8042
500,41666.667,21,0,confirmed,67.709,34.984,105.243,112.178,0.8167
501,41750.000,21,0,confirmed,73.970,35.375,113.869,112.133,0.8189
502,41833.333,21,0,confirmed,77.850,34.665,120.564,111.946,0.8151
503,41916.667,21,0,confirmed,81.224,33.492,123.849,110.836,0.8138
504,42000.000,21,0,confirmed,85.741,32.225,125.054,109.024,0.7818
505,42083.333,21,0,confirmed,91.012,31.948,127.423,109.102,0.7514
506,42166.667,21,0,confirmed,97.583,30.582,133.633,108.271,0.8166
507,42250.000,21,0,confirmed,105.340,30.237,143.404,107.849,0.8287
508,42333.333,21,0,confirmed,110.480,30.577,150.157,107.994,0.8736
509,42416.667,21,0,confirmed,113.795,30.167,155.071,107.434,0.8118
510,42500.000,21,0,confirmed,118.489,29.384,157.581,106.319,0.7844
511,42583.333,21,0,confirmed,122.904,28.411,158.713,104.742,0.8222
512,42666.667,21,0,confirmed,129.450,27.600,163.391,104.627,0.7781
513,42750.000,21,0,confirmed,137.614,26.802,173.990,104.231,0.8026
514,42833.333,21,0,confirmed,143.464,26.750,181.919,104.893,0.8317
515,42916.667,21,0,confirmed,147.226,25.898,187.225,105.072,0.8390
516,43000.000,21,0,confirmed,150.739,23.571,191.159,102.837,0.8192
517,43083.333,21,0,confirmed,155.446,20.634,192.737,99.023,0.7346
517,43083.333,22,36,tentative,161.342,88.918,190.469,99.172,0.2824
518,43166.667,21,0,confirmed,160.869,19.040,195.637,97.421,0.8009
519,43250.000,21,0,confirmed,167.183,18.022,201.948,96.233,0.7993
520,43333.333,21,0,confirmed,169.377,17.626,204.136,96.031,0.2820
520,43333.333,23,0,tentative,168.948,18.065,217.614,95.965,0.7577
521,43416.667,21,0,confirmed,174.161,16.549,209.039,95.225,0.2820
521,43416.667,23,0,tentative,170.336,17.213,221.837,95.655,0.8038
522,43500.000,21,0,confirmed,181.528,16.240,218.141,94.908,0.7560
523,43583.333,21,0,confirmed,187.569,13.796,222.164,91.094,0.7769
523,43583.333,24,38,tentative,167.270,40.271,197.356,59.269,0.3759
524,43666.667,21,0,confirmed,192.405,12.338,224.831,88.976,0.7818
524,43666.667,24,38,tentative,167.133,41.233,196.256,59.159,0.3417
525,43750.000,21,0,confirmed,197.708,10.671,229.159,87.520,0.7830
526,43833.333,21,0,confirmed,203.091,10.051,235.284,87.427,0.7811
526,43833.333,25,0,tentative,83.695,381.528,229.229,430.698,0.2852
527,43916.667,21,0,confirmed,206.858,8.904,241.248,87.087,0.8168
527,43916.667,25,0,tentative,79.473,371.017,237.473,428.122,0.6363
528,44000.000,21,0,confirmed,206.322,6.736,243.999,85.742,0.8119
528,44000.000,25,0,confirmed,61.219,359.811,240.797,427.125,0.3947
529,44083.333,21,0,confirmed,211.729,4.208,248.622,81.504,0.6923
529,44083.333,25,0,confirmed,46.410,350.209,244.228,424.360,0.3947
529,44083.333,26,2,tentative,69.822,347.491,240.636,428.377,0.5735
530,44166.667,21,0,confirmed,213.864,1.404,249.464,78.257,0.4009
530,44166.667,25,0,confirmed,32.374,340.897,246.886,421.306,0.3947
530,44166.667,27,0,tentative,199.238,1.349,246.464,77.225,0.7377
530,44166.667,28,38,tentative,166.587,42.291,195.886,60.218,0.3094
531,44250.000,21,0,confirmed,219.395,0.352,253.097,76.506,0.7542
531,44250.000,25,0,confirmed,18.942,331.811,248.940,418.025,0.3947
531,44250.000,29,2,tentative,76.652,325.838,247.932,429.194,0.4317
532,44333.333,21,0,confirmed,225.969,-0.681,260.355,74.839,0.7922
532,44333.333,25,0,confirmed,6.000,322.909,250.505,414.561,0.3947
532,44333.333,29,2,tentative,76.427,316.250,255.390,427.046,0.3576
533,44416.667,21,0,confirmed,230.675,-1.022,265.902,74.339,0.8259
533,44416.667,25,0,confirmed,-6.536,314.159,251.663,410.944,0.3947
534,44500.000,21,0,confirmed,233.653,-1.537,268.517,72.960,0.8112
534,44500.000,25,0,confirmed,-18.726,305.539,252.476,407.198,0.3947
535,44583.333,21,0,confirmed,236.678,-1.775,270.385,71.639,0.8321
535,44583.333,25,0,confirmed,-30.618,297.031,252.990,403.340,0.3947
536,44666.667,21,0,confirmed,239.930,-2.772,271.616,67.945,0.7629
536,44666.667,25,0,confirmed,-42.251,288.620,253.245,399.385,0.3947
537,44750.000,21,0,confirmed,243.582,-2.544,273.849,65.779,0.7021
537,44750.000,25,0,confirmed,-53.653,280.295,253.270,395.343,0.3947
537,44750.000,30,8,tentative,81.361,268.890,267.639,428.107,0.3365
538,44833.333,21,0,confirmed,247.862,-2.242,277.585,64.134,0.7087
538,44833.333,25,0,confirmed,-64.850,272.047,253.089,391.225,0.3947
538,44833.333,30,8,tentative,80.190,260.311,271.357,427.325,0.6941
539,44916.667,21,0,confirmed,251.857,-1.899,281.538,63.011,0.7952
539,44916.667,25,0,confirmed,-75.862,263.868,252.724,387.037,0.3947
539,44916.667,30,8,confirmed,79.907,252.751,274.927,426.386,0.4738
540,45000.000,21,0,confirmed,254.900,-1.585,284.295,62.023,0.7575
540,45000.000,25,0,confirmed,-86.708,255.752,252.191,382.787,0.3947
540,45000.000,30,8,confirmed,79.300,245.218,277.798,425.677,0.4611
541,45083.333,21,0,confirmed,258.057,-1.553,287.110,60.192,0.7122
541,45083.333,30,8,confirmed,81.383,238.212,280.892,424.547,0.3132
541,45083.333,31,2,tentative,84.886,235.883,278.526,427.479,0.3255
542,45166.667,21,0,confirmed,261.187,-3.106,289.495,54.362,0.6714
542,45166.667,30,8,confirmed,83.807,231.115,283.997,423.714,0.6223
542,45166.667,31,2,tentative,87.531,228.795,281.983,426.620,0.3523
543,45250.000,21,0,confirmed,264.749,-3.411,291.591,50.628,0.5580
543,45250.000,30,8,confirmed,86.904,223.888,286.623,422.715,0.2883
543,45250.000,31,2,confirmed,90.273,221.714,284.614,425.116,0.4677
544,45333.333,21,0,confirmed,268.910,-3.292,295.306,46.980,0.5760
544,45333.333,30,8,confirmed,87.180,217.822,290.825,420.557,0.2883
544,45333.333,31,2,confirmed,93.345,214.627,287.188,424.311,0.7746
545,45416.667,21,0,confirmed,271.595,-2.408,298.289,45.019,0.6781
545,45416.667,30,8,confirmed,87.494,211.793,294.989,418.362,0.2883
545,45416.667,31,2,confirmed,97.406,208.203,290.333,424.163,0.8230
546,45500.000,21,0,confirmed,273.419,-1.870,300.341,43.303,0.6874
546,45500.000,30,8,confirmed,87.842,205.799,299.118,416.132,0.2883
546,45500.000,31,2,confirmed,101.922,200.722,291.150,419.107,0.5944
546,45500.000,32,0,tentative,512.072,0.385,545.764,43.602,0.3749
547,45583.333,21,0,confirmed,274.045,-1.173,301.240,41.999,0.6952
547,45583.333,30,8,confirmed,88.223,199.838,303.215,413.870,0.2883
547,45583.333,31,2,confirmed,104.057,195.284,294.951,415.593,0.5944
547,45583.333,32,0,tentative,512.835,0.659,546.784,45.387,0.5912
547,45583.333,33,5,tentative,112.610,189.553,286.725,412.373,0.4415
547,45583.333,34,7,tentative,112.506,189.655,286.769,412.113,0.2533
548,45666.667,21,0,confirmed,275.229,-1.576,302.211,39.104,0.5206
548,45666.667,30,8,confirmed,88.637,193.909,307.279,411.575,0.2883
548,45666.667,31,2,confirmed,111.587,183.508,292.827,399.932,0.3639
549,45750.000,21,0,confirmed,279.608,-2.264,304.080,35.726,0.2952
549,45750.000,30,8,confirmed,89.080,188.009,311.314,409.251,0.2883
549,45750.000,31,2,confirmed,118.270,175.958,292.358,388.234,0.4594
549,45750.000,35,0,tentative,514.547,0.434,550.058,50.848,0.2858
550,45833.333,21,0,confirmed,282.781,-3.357,306.976,34.202,0.2952
550,45833.333,30,8,confirmed,89.551,182.138,315.320,406.899,0.2883
550,45833.333,31,2,confirmed,123.284,167.471,291.541,376.889,0.3276
550,45833.333,36,5,tentative,126.914,165.888,286.857,375.490,0.2812
551,45916.667,21,0,confirmed,285.956,-4.447,309.869,32.676,0.2952
551,45916.667,30,8,confirmed,90.050,176.294,319.298,404.519,0.2883
551,45916.667,31,2,confirmed,128.018,159.595,290.571,365.189,0.4924
552,46000.000,21,0,confirmed,289.133,-5.535,312.762,31.147,0.2952
552,46000.000,30,8,confirmed,90.575,170.476,323.251,402.113,0.2883
552,46000.000,31,2,confirmed,132.511,151.969,289.079,352.920,0.3620
553,46083.333,21,0,confirmed,292.311,-6.620,315.652,29.615,0.2952
553,46083.333,30,8,confirmed,91.125,164.682,327.179,399.683,0.2883
553,46083.333,31,2,confirmed,137.308,144.165,287.519,340.404,0.4489
554,46166.667,21,0,confirmed,295.491,-7.702,318.541,28.081,0.2952
554,46166.667,30,8,confirmed,91.699,158.913,331.083,397.229,0.2883
554,46166.667,31,2,confirmed,140.938,137.601,288.768,330.730,0.4489
554,46166.667,37,5,tentative,143.945,136.364,279.783,326.350,0.3615
555,46250.000,21,0,confirmed,298.673,-8.781,321.427,26.543,0.2952
555,46250.000,30,8,confirmed,92.295,153.166,334.964,394.752,0.2883
555,46250.000,31,2,confirmed,144.587,131.062,289.998,321.030,0.4489
555,46250.000,37,5,tentative,147.413,129.488,278.373,315.729,0.2775
555,46250.000,38,1,tentative,523.391,4.904,569.440,66.020,0.2589
556,46333.333,21,0,confirmed,301.856,-9.857,324.312,25.003,0.2952
556,46333.333,31,2,confirmed,146.631,122.487,281.423,306.978,0.3290
557,46416.667,21,0,confirmed,305.042,-10.930,327.195,23.460,0.2952
557,46416.667,31,2,confirmed,149.453,116.049,277.219,296.382,0.3433
558,46500.000,21,0,confirmed,308.230,-12.000,330.076,21.913,0.2952
558,46500.000,31,2,confirmed,152.571,110.799,274.191,286.182,0.4141
558,46500.000,39,0,tentative,532.104,0.869,582.599,74.722,0.3289
559,46583.333,21,0,confirmed,311.420,-13.066,332.954,20.363,0.2952
559,46583.333,31,2,confirmed,154.761,104.910,270.987,275.290,0.2795
559,46583.333,39,0,tentative,533.856,0.678,585.936,76.837,0.3173
560,46666.667,21,0,confirmed,314.613,-14.129,335.830,18.809,0.2952
560,46666.667,31,2,confirmed,151.516,98.512,267.307,265.513,0.3565
561,46750.000,21,0,confirmed,317.807,-15.188,338.704,17.252,0.2952
561,46750.000,31,2,confirmed,147.280,92.549,263.772,255.892,0.3697
561,46750.000,40,67,tentative,139.495,91.925,266.112,257.767,0.3637
562,46833.333,31,2,confirmed,142.810,86.952,260.991,247.605,0.4029
563,46916.667,31,2,confirmed,136.557,80.942,256.866,239.171,0.5436
563,46916.667,41,1,tentative,549.302,26.381,610.450,86.712,0.5169
563,46916.667,42,0,tentative,579.117,3.667,605.286,49.646,0.3071
564,47000.000,31,2,confirmed,129.842,76.140,253.434,231.182,0.5785
564,47000.000,42,0,tentative,584.824,4.811,610.932,52.528,0.2965
564,47000.000,43,3,tentative,553.635,15.906,617.551,87.608,0.3012
565,47083.333,31,2,confirmed,122.391,71.703,249.712,222.865,0.6569
565,47083.333,42,0,confirmed,589.963,4.384,617.028,54.702,0.4455
565,47083.333,44,1,tentative,558.197,33.682,623.515,90.541,0.6005
566,47166.667,31,2,confirmed,114.577,67.701,245.585,214.943,0.7608
566,47166.667,42,0,confirmed,592.592,5.501,624.012,64.547,0.4171
566,47166.667,44,1,tentative,562.386,36.203,630.223,92.405,0.6813
567,47250.000,31,2,confirmed,105.123,63.844,240.426,207.120,0.8394
567,47250.000,42,0,confirmed,597.169,5.648,629.618,63.930,0.5727
567,47250.000,44,1,confirmed,567.301,37.333,637.111,93.976,0.7861
568,47333.333,31,2,confirmed,94.331,60.949,234.513,200.733,0.8363
568,47333.333,42,0,confirmed,602.496,8.575,636.534,70.707,0.4203
568,47333.333,44,1,confirmed,572.662,38.344,644.478,95.130,0.7355
568,47333.333,45,0,tentative,605.601,17.574,631.240,61.173,0.3408
569,47416.667,31,2,confirmed,83.947,59.099,228.642,195.025,0.8717
569,47416.667,42,0,confirmed,608.419,10.327,641.550,72.766,0.6197
569,47416.667,44,1,confirmed,578.715,38.308,652.909,96.278,0.7149
570,47500.000,31,2,confirmed,72.876,57.526,222.114,189.727,0.8477
570,47500.000,42,0,confirmed,614.547,11.526,647.017,73.899,0.6329
570,47500.000,44,1,confirmed,583.721,39.811,659.658,97.911,0.6118
571,47583.333,31,2,confirmed,60.958,55.581,214.781,184.502,0.8898
571,47583.333,42,0,confirmed,621.214,12.318,652.640,74.609,0.4810
571,47583.333,44,1,confirmed,589.365,41.994,666.074,99.385,0.6496
572,47666.667,31,2,confirmed,49.615,54.250,207.774,179.988,0.7933
572,47666.667,42,0,confirmed,626.715,13.687,658.441,76.811,0.5091
572,47666.667,44,1,confirmed,596.177,45.394,672.866,101.242,0.7102
572,47666.667,46,0,tentative,628.958,16.473,656.629,63.621,0.3260
573,47750.000,31,2,confirmed,37.249,52.668,199.890,176.032,0.8187
573,47750.000,42,0,confirmed,632.242,14.283,664.235,76.236,0.5781
573,47750.000,44,1,confirmed,601.970,47.168,679.429,102.557,0.7428
574,47833.333,31,2,confirmed,25.865,51.429,192.434,172.740,0.8947
574,47833.333,42,0,confirmed,639.174,16.147,671.501,77.768,0.4445
574,47833.333,44,1,confirmed,608.346,49.125,686.083,103.213,0.6951
574,47833.333,47,0,tentative,634.047,21.779,671.330,83.126,0.3345
575,47916.667,31,2,confirmed,13.329,50.499,184.281,169.782,0.9256
575,47916.667,42,0,confirmed,645.293,17.963,677.760,79.723,0.5644
575,47916.667,44,1,confirmed,614.823,50.805,693.053,103.548,0.8448
576,48000.000,31,2,confirmed,5.508,49.392,177.705,166.228,0.9412
576,48000.000,42,0,confirmed,651.098,19.842,683.929,83.436,0.5470
576,48000.000,44,1,confirmed,621.415,52.744,699.747,103.697,0.8301
577,48083.333,31,2,confirmed,0.928,49.051,171.667,163.658,0.9350
577,48083.333,42,0,confirmed,658.349,20.554,691.212,83.751,0.3616
577,48083.333,44,1,confirmed,628.381,53.787,707.281,104.325,0.5645
577,48083.333,48,0,tentative,643.204,21.960,691.334,84.891,0.3754
578,48166.667,31,2,confirmed,-2.266,48.614,164.502,161.068,0.9228
578,48166.667,42,0,confirmed,665.310,21.764,697.068,80.885,0.2511
578,48166.667,44,1,confirmed,634.698,54.944,712.979,104.705,0.6454
579,48250.000,31,2,confirmed,-4.280,48.650,157.117,158.869,0.9322
579,48250.000,42,0,confirmed,670.274,27.972,701.712,85.004,0.5147
579,48250.000,44,1,confirmed,640.650,56.386,718.549,104.749,0.8240
580,48333.333,31,2,confirmed,-5.759,49.085,148.947,157.333,0.9482
580,48333.333,42,0,confirmed,677.631,29.194,710.048,84.639,0.5424
580,48333.333,44,1,confirmed,646.669,58.221,724.178,105.135,0.7610
581,48416.667,31,2,confirmed,-6.449,49.927,140.847,155.838,0.9317
581,48416.667,42,0,confirmed,681.643,28.195,714.745,85.299,0.6631
581,48416.667,44,1,confirmed,653.177,57.802,730.333,104.424,0.8062
582,48500.000,31,2,confirmed,-7.006,50.772,132.203,154.452,0.9372
582,48500.000,42,0,confirmed,686.962,27.109,720.840,85.525,0.7452
582,48500.000,44,1,confirmed,659.376,59.596,736.107,105.309,0.7722
583,48583.333,31,2,confirmed,-7.445,51.879,123.099,153.343,0.9379
583,48583.333,42,0,confirmed,693.874,26.161,727.409,84.278,0.6292
583,48583.333,44,1,confirmed,666.048,59.285,742.162,104.695,0.8514
584,48666.667,31,2,confirmed,-7.667,53.733,114.155,152.869,0.9135
584,48666.667,42,0,confirmed,698.029,25.477,732.114,84.282,0.6906
584,48666.667,44,1,confirmed,672.177,58.516,748.199,104.361,0.7682
585,48750.000,31,2,confirmed,-7.845,55.200,104.523,151.926,0.9222
585,48750.000,42,0,confirmed,704.233,26.186,738.309,86.142,0.7179
585,48750.000,44,1,confirmed,677.682,58.755,753.256,104.264,0.8291
586,48833.333,31,2,confirmed,-7.816,56.881,95.078,151.419,0.9258
586,48833.333,42,0,confirmed,710.167,25.564,745.067,83.824,0.6346
586,48833.333,44,1,confirmed,683.718,57.768,759.110,103.906,0.6916
587,48916.667,31,2,confirmed,-7.919,58.813,85.275,150.965,0.9262
587,48916.667,42,0,confirmed,716.767,28.440,752.146,88.621,0.2659
587,48916.667,44,1,confirmed,690.298,57.983,765.608,104.114,0.6904
587,48916.667,49,0,tentative,717.251,26.847,750.208,76.394,0.6080
588,49000.000,31,2,confirmed,-7.992,60.736,75.316,150.948,0.9213
588,49000.000,42,0,confirmed,724.288,27.586,758.737,87.030,0.5868
588,49000.000,44,1,confirmed,695.707,58.405,769.534,104.361,0.8400
589,49083.333,31,2,confirmed,-7.818,63.464,65.607,150.972,0.8461
589,49083.333,42,0,confirmed,731.082,25.986,765.362,83.431,0.5231
589,49083.333,44,1,confirmed,700.757,61.768,771.792,106.168,0.6847
590,49166.667,31,2,confirmed,-7.720,65.776,55.751,149.974,0.6625
590,49166.667,42,0,confirmed,736.253,27.577,768.276,81.632,0.4225
590,49166.667,44,1,confirmed,706.365,63.966,773.164,106.760,0.7537
591,49250.000,31,2,confirmed,-10.724,67.601,48.392,146.022,0.6625
591,49250.000,42,0,confirmed,741.221,29.573,771.311,81.263,0.4164
591,49250.000,44,1,confirmed,711.782,64.513,773.875,106.157,0.6895
591,49250.000,50,1,tentative,714.746,48.225,767.798,102.060,0.2804
592,49333.333,31,2,confirmed,-13.554,69.656,40.860,141.839,0.6625
592,49333.333,42,0,confirmed,747.005,30.063,777.108,81.774,0.4164
592,49333.333,44,1,confirmed,717.289,61.921,774.378,103.695,0.4970
592,49333.333,50,1,tentative,719.193,41.556,769.677,101.452,0.2628
593,49416.667,31,2,confirmed,-16.161,72.008,33.104,137.361,0.6625
593,49416.667,42,0,confirmed,752.790,30.553,782.906,82.286,0.4164
593,49416.667,44,1,confirmed,722.847,62.610,779.159,103.815,0.4970
594,49500.000,31,2,confirmed,-18.466,74.761,25.045,132.480,0.6625
594,49500.000,42,0,confirmed,758.575,31.042,788.703,82.797,0.4164
594,49500.000,44,1,confirmed,728.411,63.303,783.935,103.931,0.4970
595,49583.333,31,2,confirmed,-20.326,78.103,16.543,127.012,0.6625
595,49583.333,42,0,confirmed,764.359,31.532,794.500,83.308,0.4164
595,49583.333,44,1,confirmed,733.981,64.000,788.705,104.043,0.4970
596,49666.667,31,2,confirmed,-21.439,82.437,7.293,120.551,0.6625
596,49666.667,42,0,confirmed,770.144,32.021,800.297,83.819,0.4164
596,49666.667,44,1,confirmed,739.556,64.702,793.469,104.151,0.4970
597,49750.000,31,2,confirmed,-20.793,89.103,-3.715,111.757,0.6625
597,49750.000,42,0,confirmed,775.929,32.511,806.095,84.331,0.4164
597,49750.000,44,1,confirmed,745.138,65.408,798.227,104.254,0.4970
598,49833.333,31,2,confirmed,-17.870,98.791,-17.002,99.942,0.6625
598,49833.333,42,0,confirmed,781.713,33.001,811.892,84.842,0.4164
598,49833.333,44,1,confirmed,750.726,66.118,802.978,104.353,0.4970
599,49916.667,31,2,confirmed,-23.051,97.727,-22.183,98.879,0.6625
599,49916.667,42,0,confirmed,787.498,33.490,817.689,85.353,0.4164
599,49916.667,44,1,confirmed,756.321,66.834,807.723,104.446,0.4970
600,50000.000,31,2,confirmed,-28.233,96.664,-27.364,97.815,0.6625
600,50000.000,42,0,confirmed,793.282,33.980,823.486,85.864,0.4164
600,50000.000,44,1,confirmed,761.923,67.555,812.460,104.535,0.4970
601,50083.333,31,2,confirmed,-33.414,95.600,-32.546,96.752,0.6625
601,50083.333,42,0,confirmed,799.067,34.469,829.284,86.376,0.4164
601,50083.333,44,1,confirmed,767.532,68.281,817.190,104.617,0.4970
602,50166.667,31,2,confirmed,-38.595,94.537,-37.727,95.688,0.6625
602,50166.667,42,0,confirmed,804.852,34.959,835.081,86.887,0.4164
602,50166.667,44,1,confirmed,773.150,69.014,821.912,104.694,0.4970
603,50250.000,42,0,confirmed,810.636,35.449,840.878,87.398,0.4164
603,50250.000,44,1,confirmed,778.776,69.752,826.626,104.765,0.4970
604,50333.333,44,1,confirmed,784.411,70.497,831.330,104.829,0.4970
